/samples/A0.mp3,/samples/A1.mp3,/samples/A2.mp3,/samples/A3.mp3,/samples/A4.mp3,/samples/A5.mp3,/samples/A6.mp3,/samples/A7.mp3,/samples/C1.mp3,/samples/C2.mp3,/samples/C3.mp3,/samples/C4.mp3,/samples/C5.mp3,/samples/C6.mp3,/samples/C7.mp3,/samples/C8.mp3,/samples/Ds1.mp3,/samples/Ds2.mp3,/samples/Ds3.mp3,/samples/Ds4.mp3,/samples/Ds5.mp3,/samples/Ds6.mp3,/samples/Ds7.mp3,/samples/Fs1.mp3,/samples/Fs2.mp3,/samples/Fs3.mp3,/samples/Fs4.mp3,/samples/Fs5.mp3,/samples/Fs6.mp3,/samples/Fs7.mp3,/samples/README,/samples/filelist,/samples/lana.mp3,/samples/song.mp3,/samples/toxic.mp3
A0.mp3
A1.mp3
A2.mp3
A3.mp3
A4.mp3
A5.mp3
A6.mp3
A7.mp3
C1.mp3
C2.mp3
C3.mp3
C5.mp3
C6.mp3
C7.mp3
C8.mp3
Ds1.mp3
Ds2.mp3
Ds3.mp3
Ds4.mp3
Ds5.mp3
Ds6.mp3
Ds7.mp3
Fs1.mp3
Fs2.mp3
Fs3.mp3
Fs4.mp3
Fs5.mp3
Fs6.mp3
Fs7.mp3
lana.mp3
song.mp3
toxic.mp3
